benchmark,seed,variant,rollout_mse,rollout_mae
lorenz96,11,full,0.3750159442424774,0.3194241225719452
lorenz96,11,no_memory,0.3780229389667511,0.31075331568717957
lorenz96,11,no_retrieval,0.3780229389667511,0.31075331568717957
lorenz96,11,no_salience_gating,0.37229862809181213,0.3118564188480377
lorenz96,23,full,0.6707999110221863,0.3829493820667267
lorenz96,23,no_memory,0.6392942070960999,0.354478657245636
lorenz96,23,no_retrieval,0.6392942070960999,0.354478657245636
lorenz96,23,no_salience_gating,0.8263258337974548,0.45915687084198
lorenz96,37,full,0.660963773727417,0.40580013394355774
lorenz96,37,no_memory,0.6897018551826477,0.40938764810562134
lorenz96,37,no_retrieval,0.6897018551826477,0.40938764810562134
lorenz96,37,no_salience_gating,0.630944013595581,0.3963315784931183
delayed_recall,11,full,0.8112651705741882,0.673970639705658
delayed_recall,11,no_memory,0.8112537264823914,0.6739659905433655
delayed_recall,11,no_retrieval,0.8112537264823914,0.6739659905433655
delayed_recall,11,no_salience_gating,0.8112651705741882,0.673970639705658
delayed_recall,23,full,0.8176088333129883,0.6749551296234131
delayed_recall,23,no_memory,0.8173564076423645,0.6748701930046082
delayed_recall,23,no_retrieval,0.8173564076423645,0.6748701930046082
delayed_recall,23,no_salience_gating,0.8173278570175171,0.6748910546302795
delayed_recall,37,full,0.7846519947052002,0.665316641330719
delayed_recall,37,no_memory,0.7846524715423584,0.6653102040290833
delayed_recall,37,no_retrieval,0.7846524715423584,0.6653102040290833
delayed_recall,37,no_salience_gating,0.7846149206161499,0.6652899980545044
